processes,time_us
processes,time_us
1,30851
processes,time_us
1,30851
processes,time_us
1,30851
2,12119
processes,time_us
1,30851
2,12119
processes,time_us
1,30851
2,12119
processes,time_us
1,30851
2,12119
processes,time_us
1,30851
2,12119
4,14676
processes,time_us
1,30851
2,12119
4,14676
processes,time_us
1,30851
2,12119
4,14676
processes,time_us
1,30851
2,12119
4,14676
processes,time_us
1,30851
2,12119
4,14676
processes,time_us
1,30851
2,12119
4,14676
processes,time_us
1,30851
2,12119
4,14676
6,8169
processes,time_us
1,30851
2,12119
4,14676
6,8169
processes,time_us
1,30851
2,12119
4,14676
6,8169
processes,time_us
1,30851
2,12119
4,14676
6,8169
processes,time_us
1,30851
2,12119
4,14676
6,8169
processes,time_us
1,30851
2,12119
4,14676
6,8169
processes,time_us
1,30851
2,12119
4,14676
6,8169
processes,time_us
1,30851
2,12119
4,14676
6,8169
processes,time_us
1,30851
2,12119
4,14676
6,8169
8,5970
processes,time_us
1,30851
2,12119
4,14676
6,8169
8,5970
processes,time_us
1,30851
2,12119
4,14676
6,8169
8,5970
processes,time_us
1,30851
2,12119
4,14676
6,8169
8,5970
processes,time_us
1,30851
2,12119
4,14676
6,8169
8,5970
processes,time_us
1,30851
2,12119
4,14676
6,8169
8,5970
processes,time_us
1,30851
2,12119
4,14676
6,8169
8,5970
processes,time_us
1,30851
2,12119
4,14676
6,8169
8,5970
processes,time_us
1,30851
2,12119
4,14676
6,8169
8,5970
processes,time_us
1,30851
2,12119
4,14676
6,8169
8,5970
processes,time_us
1,30851
2,12119
4,14676
6,8169
8,5970
10,5350
processes,time_us
1,30851
2,12119
4,14676
6,8169
8,5970
10,5350
processes,time_us
1,30851
2,12119
4,14676
6,8169
8,5970
10,5350
processes,time_us
1,30851
2,12119
4,14676
6,8169
8,5970
10,5350
processes,time_us
1,30851
2,12119
4,14676
6,8169
8,5970
10,5350
processes,time_us
1,30851
2,12119
4,14676
6,8169
8,5970
10,5350
processes,time_us
1,30851
2,12119
4,14676
6,8169
8,5970
10,5350
processes,time_us
1,30851
2,12119
4,14676
6,8169
8,5970
10,5350
processes,time_us
1,30851
2,12119
4,14676
6,8169
8,5970
10,5350
processes,time_us
1,30851
2,12119
4,14676
6,8169
8,5970
10,5350
processes,time_us
1,30851
2,12119
4,14676
6,8169
8,5970
10,5350
processes,time_us
1,30851
2,12119
4,14676
6,8169
8,5970
10,5350
processes,time_us
1,30851
2,12119
4,14676
6,8169
8,5970
10,5350
12,5231
processes,time_us
1,30851
2,12119
4,14676
6,8169
8,5970
10,5350
12,5231
processes,time_us
1,30851
2,12119
4,14676
6,8169
8,5970
10,5350
12,5231
processes,time_us
1,30851
2,12119
4,14676
6,8169
8,5970
10,5350
12,5231
processes,time_us
1,30851
2,12119
4,14676
6,8169
8,5970
10,5350
12,5231
processes,time_us
1,30851
2,12119
4,14676
6,8169
8,5970
10,5350
12,5231
processes,time_us
1,30851
2,12119
4,14676
6,8169
8,5970
10,5350
12,5231
processes,time_us
1,30851
2,12119
4,14676
6,8169
8,5970
10,5350
12,5231
processes,time_us
1,30851
2,12119
4,14676
6,8169
8,5970
10,5350
12,5231
processes,time_us
1,30851
2,12119
4,14676
6,8169
8,5970
10,5350
12,5231
processes,time_us
1,30851
2,12119
4,14676
6,8169
8,5970
10,5350
12,5231
processes,time_us
1,30851
2,12119
4,14676
6,8169
8,5970
10,5350
12,5231
processes,time_us
1,30851
2,12119
4,14676
6,8169
8,5970
10,5350
12,5231
processes,time_us
1,30851
2,12119
4,14676
6,8169
8,5970
10,5350
12,5231
processes,time_us
1,30851
2,12119
4,14676
6,8169
8,5970
10,5350
12,5231
14,6116
processes,time_us
1,30851
2,12119
4,14676
6,8169
8,5970
10,5350
12,5231
14,6116
processes,time_us
1,30851
2,12119
4,14676
6,8169
8,5970
10,5350
12,5231
14,6116
processes,time_us
1,30851
2,12119
4,14676
6,8169
8,5970
10,5350
12,5231
14,6116
processes,time_us
1,30851
2,12119
4,14676
6,8169
8,5970
10,5350
12,5231
14,6116
processes,time_us
1,30851
2,12119
4,14676
6,8169
8,5970
10,5350
12,5231
14,6116
processes,time_us
1,30851
2,12119
4,14676
6,8169
8,5970
10,5350
12,5231
14,6116
processes,time_us
1,30851
2,12119
4,14676
6,8169
8,5970
10,5350
12,5231
14,6116
processes,time_us
1,30851
2,12119
4,14676
6,8169
8,5970
10,5350
12,5231
14,6116
processes,time_us
1,30851
2,12119
4,14676
6,8169
8,5970
10,5350
12,5231
14,6116
processes,time_us
1,30851
2,12119
4,14676
6,8169
8,5970
10,5350
12,5231
14,6116
processes,time_us
1,30851
2,12119
4,14676
6,8169
8,5970
10,5350
12,5231
14,6116
processes,time_us
1,30851
2,12119
4,14676
6,8169
8,5970
10,5350
12,5231
14,6116
processes,time_us
1,30851
2,12119
4,14676
6,8169
8,5970
10,5350
12,5231
14,6116
processes,time_us
1,30851
2,12119
4,14676
6,8169
8,5970
10,5350
12,5231
14,6116
processes,time_us
1,30851
2,12119
4,14676
6,8169
8,5970
10,5350
12,5231
14,6116
processes,time_us
1,30851
2,12119
4,14676
6,8169
8,5970
10,5350
12,5231
14,6116
16,4643
